product_id,product_name,category,supplier_id,unit_cost,selling_price,weight_kg,reorder_level,status
PROD00001,Refrigerator 0001,Home Appliances,SUP0007,808.23,1081.02,24.94,58,DISCONTINUED
PROD00002,Sofa 0002,Furniture,SUP0005,371.06,528.33,44.37,150,ACTIVE
PROD00003,Headphones 0003,Electronics,SUP0049,1672.88,2974.88,84.88,52,DISCONTINUED
PROD00004,Lotion 0004,Beauty,SUP0004,431.43,595.69,16.55,10,DISCONTINUED
PROD00005,Sandals 0005,Footwear,SUP0047,574.07,911.4,99.54,152,DISCONTINUED
PROD00006,Table 0006,Furniture,SUP0038,596.93,1061.4,73.6,25,ACTIVE
PROD00007,Laptop 0007,Electronics,SUP0034,1170.43,1699.46,15.83,140,ACTIVE
PROD00008,Chair 0008,Furniture,SUP0016,1192.1,1874.75,40.44,155,ACTIVE
PROD00009,Dictionary 0009,Books,SUP0043,84.28,97.54,58.41,143,ACTIVE
PROD00010,Sneakers 0010,Footwear,SUP0017,1341.1,1770.16,39.64,181,ACTIVE
PROD00011,Face Wash 0011,Beauty,SUP0001,1858.39,3261.5,45.88,154,ACTIVE
PROD00012,Oven 0012,Home Appliances,SUP0023,430.24,553.13,88.1,72,ACTIVE
PROD00013,Sneakers 0013,Footwear,SUP0020,879.18,1301.41,61.21,177,ACTIVE
PROD00014,Battery 0014,Automotive,SUP0009,1863.85,2185.38,26.52,37,ACTIVE
PROD00015,Boots 0015,Footwear,SUP0014,1211.64,1941.45,68.78,77,DISCONTINUED
PROD00016,Shoes 0016,Footwear,SUP0018,189.14,264.13,4.5,95,ACTIVE
PROD00017,Sneakers 0017,Footwear,SUP0028,1483.76,2205.13,56.13,38,ACTIVE
PROD00018,Bed 0018,Furniture,SUP0036,76.88,104.44,14.89,42,ACTIVE
PROD00019,Boots 0019,Footwear,SUP0003,1798.47,2980.58,89.9,63,ACTIVE
PROD00020,Mixer 0020,Home Appliances,SUP0027,1561.33,2683.76,97.39,49,ACTIVE
PROD00021,Table 0021,Furniture,SUP0048,1763.43,1970.37,92.46,115,ACTIVE
PROD00022,Sneakers 0022,Footwear,SUP0003,1575.81,1852.63,85.87,66,ACTIVE
PROD00023,Face Wash 0023,Beauty,SUP0015,613.86,1017.01,22.37,178,ACTIVE
PROD00024,Tennis Racket 0024,Sports,SUP0050,560.81,644.14,27.98,174,DISCONTINUED
PROD00025,Battery 0025,Automotive,SUP0017,1878.78,2218.35,17.94,77,ACTIVE
PROD00026,Oven 0026,Home Appliances,SUP0021,871.95,1403.82,43.7,140,ACTIVE
PROD00027,Dumbbell 0027,Sports,SUP0028,384.21,434.57,0.27,147,ACTIVE
PROD00028,Flour 0028,Groceries,SUP0022,144.6,226.29,62.35,179,ACTIVE
PROD00029,Slippers 0029,Footwear,SUP0026,622.02,862.04,69.75,151,ACTIVE
PROD00030,T-Shirt 0030,Clothing,SUP0048,1331.53,1818.07,90.29,167,ACTIVE
PROD00031,Dumbbell 0031,Sports,SUP0014,1668.28,2189.97,43.05,158,ACTIVE
PROD00032,Lotion 0032,Beauty,SUP0031,887.11,1108.52,79.39,198,ACTIVE
PROD00033,Mixer 0033,Home Appliances,SUP0022,1033.33,1594.49,9.43,70,ACTIVE
PROD00034,Jeans 0034,Clothing,SUP0031,298.97,338.54,61.17,28,DISCONTINUED
PROD00035,Dumbbell 0035,Sports,SUP0032,392.9,623.71,40.03,47,ACTIVE
PROD00036,Vacuum 0036,Home Appliances,SUP0045,441.59,734.31,51.84,22,ACTIVE
PROD00037,Vacuum 0037,Home Appliances,SUP0034,271.01,386.26,98.79,162,ACTIVE
PROD00038,Cream 0038,Beauty,SUP0028,1630.94,2812.42,83.07,150,DISCONTINUED
PROD00039,Sofa 0039,Furniture,SUP0041,902.89,1468.32,27.8,143,DISCONTINUED
PROD00040,Jacket 0040,Clothing,SUP0016,882.55,1411.62,27.24,91,ACTIVE
PROD00041,Table 0041,Furniture,SUP0046,466.37,739.55,21.47,116,DISCONTINUED
PROD00042,Cereal 0042,Groceries,SUP0027,934.52,1068.7,39.01,159,ACTIVE
PROD00043,Magazine 0043,Books,SUP0020,956.57,1683.49,75.37,117,ACTIVE
PROD00044,Perfume 0044,Beauty,SUP0025,549.51,791.27,33.68,183,DISCONTINUED
PROD00045,Sofa 0045,Furniture,SUP0035,1839.49,3286.26,2.79,110,ACTIVE
PROD00046,Vacuum 0046,Home Appliances,SUP0004,275.72,392.4,26.09,93,ACTIVE
PROD00047,Face Wash 0047,Beauty,SUP0018,678.31,1163.81,75.23,117,ACTIVE
PROD00048,Vacuum 0048,Home Appliances,SUP0023,43.67,64.53,22.5,27,ACTIVE
PROD00049,Smartphone 0049,Electronics,SUP0010,402.72,448.74,23.93,131,ACTIVE
PROD00050,Textbook 0050,Books,SUP0024,932.74,1193.32,16.86,165,ACTIVE
PROD00051,Desk 0051,Furniture,SUP0020,220.66,246.69,57.62,106,DISCONTINUED
PROD00052,Shirt 0052,Clothing,SUP0016,1186.24,1994.54,10.28,87,ACTIVE
PROD00053,Novel 0053,Books,SUP0024,697.67,976.64,6.99,175,ACTIVE
PROD00054,Tablet 0054,Electronics,SUP0024,1645.55,1931.67,63.59,127,ACTIVE
PROD00055,Football 0055,Sports,SUP0018,1468.92,2608.55,61.63,147,DISCONTINUED
PROD00056,Lotion 0056,Beauty,SUP0021,1652.34,2502.85,85.19,32,ACTIVE
PROD00057,Perfume 0057,Beauty,SUP0043,1502.2,2251.64,37.96,17,DISCONTINUED
PROD00058,Oil 0058,Groceries,SUP0017,977.66,1318.25,34.1,162,ACTIVE
PROD00059,Brake Pad 0059,Automotive,SUP0016,1035.67,1277.75,72.04,135,ACTIVE
PROD00060,Lotion 0060,Beauty,SUP0019,899.11,999.87,22.24,187,ACTIVE
PROD00061,Slippers 0061,Footwear,SUP0023,741.2,1102.48,42.61,200,ACTIVE
PROD00062,Flour 0062,Groceries,SUP0008,545.48,696.02,72.16,90,ACTIVE
PROD00063,Engine Oil 0063,Automotive,SUP0018,387.12,625.98,72.49,144,ACTIVE
PROD00064,Microwave 0064,Home Appliances,SUP0020,596.01,806.17,1.51,146,ACTIVE
PROD00065,Shoes 0065,Footwear,SUP0045,1948.72,2898.43,94.41,173,DISCONTINUED
PROD00066,Refrigerator 0066,Home Appliances,SUP0029,1150.26,1643.24,34.14,23,ACTIVE
PROD00067,Shampoo 0067,Beauty,SUP0005,1645.12,2271.08,57.74,185,ACTIVE
PROD00068,Table 0068,Furniture,SUP0006,1623.23,2864.01,99.39,40,DISCONTINUED
PROD00069,Dictionary 0069,Books,SUP0034,1582.53,1990.79,38.1,123,ACTIVE
PROD00070,Magazine 0070,Books,SUP0040,614.23,942.67,96.01,35,ACTIVE
PROD00071,Jacket 0071,Clothing,SUP0012,1322.55,1600.21,55.24,50,ACTIVE
PROD00072,Cycle 0072,Sports,SUP0003,1380.3,1972.36,23.22,190,ACTIVE
PROD00073,Shampoo 0073,Beauty,SUP0041,1376.33,2404.09,59.02,60,DISCONTINUED
PROD00074,Oven 0074,Home Appliances,SUP0018,453.49,546.13,82.68,28,ACTIVE
PROD00075,Desk 0075,Furniture,SUP0019,1192.11,1999.13,43.97,129,ACTIVE
PROD00076,Tennis Racket 0076,Sports,SUP0006,1003.44,1450.63,59.84,120,ACTIVE
PROD00077,Notebook 0077,Books,SUP0044,56.6,71.33,83.61,157,ACTIVE
PROD00078,Slippers 0078,Footwear,SUP0031,85.26,138.92,51.94,123,ACTIVE
PROD00079,Bed 0079,Furniture,SUP0006,874.59,1460.54,47.05,114,ACTIVE
PROD00080,Rice 0080,Groceries,SUP0045,1716.18,2284.0,49.6,179,DISCONTINUED
PROD00081,Brake Pad 0081,Automotive,SUP0021,912.38,1204.49,11.68,113,ACTIVE
PROD00082,Filter 0082,Automotive,SUP0024,829.43,1021.28,62.3,137,DISCONTINUED
PROD00083,Smartphone 0083,Electronics,SUP0019,537.78,640.88,43.87,188,DISCONTINUED
PROD00084,Refrigerator 0084,Home Appliances,SUP0016,1946.43,2970.66,71.01,89,ACTIVE
PROD00085,Filter 0085,Automotive,SUP0008,190.95,342.68,46.2,40,ACTIVE
PROD00086,Face Wash 0086,Beauty,SUP0031,1020.2,1317.48,98.03,72,DISCONTINUED
PROD00087,Engine Oil 0087,Automotive,SUP0033,770.25,1344.32,74.65,44,ACTIVE
PROD00088,Sandals 0088,Footwear,SUP0018,683.05,1127.99,82.07,82,ACTIVE
PROD00089,Dictionary 0089,Books,SUP0010,1997.81,2882.34,44.71,133,ACTIVE
PROD00090,Cereal 0090,Groceries,SUP0021,1526.93,2082.8,86.97,188,ACTIVE
PROD00091,Magazine 0091,Books,SUP0003,470.96,773.73,31.89,131,DISCONTINUED
PROD00092,Football 0092,Sports,SUP0033,993.18,1118.23,96.54,94,ACTIVE
PROD00093,Shampoo 0093,Beauty,SUP0047,1054.27,1496.9,14.5,177,ACTIVE
PROD00094,Vacuum 0094,Home Appliances,SUP0040,1564.14,2010.73,69.3,176,ACTIVE
PROD00095,Cereal 0095,Groceries,SUP0046,763.12,1008.59,88.76,134,ACTIVE
PROD00096,Novel 0096,Books,SUP0019,473.37,747.49,99.74,33,DISCONTINUED
PROD00097,Refrigerator 0097,Home Appliances,SUP0002,890.14,1411.58,4.69,24,ACTIVE
PROD00098,Sugar 0098,Groceries,SUP0027,864.22,1098.37,56.64,56,ACTIVE
PROD00099,Chair 0099,Furniture,SUP0044,1220.94,1669.98,24.16,159,ACTIVE
PROD00100,T-Shirt 0100,Clothing,SUP0043,1277.62,1816.39,1.04,129,ACTIVE
PROD00101,Engine Oil 0101,Automotive,SUP0038,152.35,268.39,29.99,118,ACTIVE
PROD00102,Face Wash 0102,Beauty,SUP0031,402.44,551.06,10.75,107,ACTIVE
PROD00103,Notebook 0103,Books,SUP0043,1985.42,2594.27,39.64,12,ACTIVE
PROD00104,Magazine 0104,Books,SUP0050,1666.51,2886.49,79.91,165,ACTIVE
PROD00105,Jeans 0105,Clothing,SUP0047,1243.68,1958.09,76.77,184,ACTIVE
PROD00106,Refrigerator 0106,Home Appliances,SUP0038,621.32,875.18,36.55,43,ACTIVE
PROD00107,Boots 0107,Footwear,SUP0009,1496.22,1829.8,78.67,103,ACTIVE
PROD00108,Desk 0108,Furniture,SUP0019,1828.53,3219.92,74.68,96,ACTIVE
PROD00109,Shampoo 0109,Beauty,SUP0044,285.81,507.76,72.45,111,ACTIVE
PROD00110,Vacuum 0110,Home Appliances,SUP0030,32.77,48.36,36.92,182,ACTIVE
PROD00111,Magazine 0111,Books,SUP0007,1645.72,2893.51,67.52,130,ACTIVE
PROD00112,Dictionary 0112,Books,SUP0042,659.37,1006.9,6.42,128,ACTIVE
PROD00113,Cricket Bat 0113,Sports,SUP0020,283.86,500.27,99.59,39,ACTIVE
PROD00114,Sweater 0114,Clothing,SUP0043,275.65,390.75,94.94,188,DISCONTINUED
PROD00115,Textbook 0115,Books,SUP0032,1771.4,2760.63,61.6,81,ACTIVE
PROD00116,Oil 0116,Groceries,SUP0024,889.55,1570.4,10.03,185,ACTIVE
PROD00117,Battery 0117,Automotive,SUP0008,125.8,162.67,94.91,126,ACTIVE
PROD00118,Sweater 0118,Clothing,SUP0022,1942.33,2205.33,24.43,42,ACTIVE
PROD00119,Oven 0119,Home Appliances,SUP0015,418.28,523.34,32.92,47,ACTIVE
PROD00120,Sneakers 0120,Footwear,SUP0012,1975.12,2919.53,11.08,16,ACTIVE
PROD00121,Monitor 0121,Electronics,SUP0021,1581.02,2002.44,1.68,77,ACTIVE
PROD00122,Sofa 0122,Furniture,SUP0031,1054.54,1710.43,44.88,102,ACTIVE
PROD00123,Cream 0123,Beauty,SUP0047,446.99,684.15,78.34,178,ACTIVE
PROD00124,Shampoo 0124,Beauty,SUP0026,126.35,181.35,42.68,37,DISCONTINUED
PROD00125,Shampoo 0125,Beauty,SUP0010,1799.04,2384.59,6.66,80,ACTIVE
PROD00126,Dumbbell 0126,Sports,SUP0039,1063.46,1507.56,43.08,189,ACTIVE
PROD00127,Engine Oil 0127,Automotive,SUP0027,862.99,1485.78,33.96,126,DISCONTINUED
PROD00128,Cricket Bat 0128,Sports,SUP0017,628.53,828.88,37.49,49,DISCONTINUED
PROD00129,Refrigerator 0129,Home Appliances,SUP0007,1664.38,1939.44,74.48,105,ACTIVE
PROD00130,Brake Pad 0130,Automotive,SUP0022,1175.0,1754.4,67.03,115,ACTIVE
PROD00131,Cricket Bat 0131,Sports,SUP0023,1936.96,2944.74,10.45,139,ACTIVE
PROD00132,Sofa 0132,Furniture,SUP0036,452.37,531.88,36.82,81,ACTIVE
PROD00133,Dumbbell 0133,Sports,SUP0040,1949.22,3260.85,67.53,152,ACTIVE
PROD00134,Notebook 0134,Books,SUP0049,62.76,81.04,30.97,96,ACTIVE
PROD00135,Smartphone 0135,Electronics,SUP0026,1740.38,2604.35,7.05,199,ACTIVE
PROD00136,Oven 0136,Home Appliances,SUP0022,434.19,605.21,15.83,89,ACTIVE
PROD00137,Dictionary 0137,Books,SUP0011,174.49,198.36,75.47,22,ACTIVE
PROD00138,Sandals 0138,Footwear,SUP0029,1325.57,1908.77,41.48,65,ACTIVE
PROD00139,Flour 0139,Groceries,SUP0038,226.23,356.26,48.71,180,ACTIVE
PROD00140,Smartphone 0140,Electronics,SUP0001,793.55,1205.82,20.52,64,ACTIVE
PROD00141,Boots 0141,Footwear,SUP0048,659.6,729.13,43.12,43,DISCONTINUED
PROD00142,Engine Oil 0142,Automotive,SUP0023,1003.02,1688.43,7.3,199,ACTIVE
PROD00143,Cricket Bat 0143,Sports,SUP0021,922.21,1064.69,57.62,156,DISCONTINUED
PROD00144,Tennis Racket 0144,Sports,SUP0021,234.77,261.67,17.27,168,DISCONTINUED
PROD00145,Rice 0145,Groceries,SUP0028,876.24,1028.8,58.93,144,ACTIVE
PROD00146,Tennis Racket 0146,Sports,SUP0050,1492.88,1873.71,16.9,140,ACTIVE
PROD00147,Tyre 0147,Automotive,SUP0023,391.84,643.93,72.77,175,ACTIVE
PROD00148,Shirt 0148,Clothing,SUP0039,297.16,367.91,15.37,177,ACTIVE
PROD00149,Sofa 0149,Furniture,SUP0038,930.59,1390.87,44.95,154,ACTIVE
PROD00150,Oil 0150,Groceries,SUP0041,882.33,1260.18,30.35,80,ACTIVE
PROD00151,Cereal 0151,Groceries,SUP0003,153.01,217.77,5.78,83,ACTIVE
PROD00152,Oven 0152,Home Appliances,SUP0038,1190.19,1629.53,55.48,199,ACTIVE
PROD00153,Cream 0153,Beauty,SUP0031,1305.42,1729.77,50.19,25,DISCONTINUED
PROD00154,Mixer 0154,Home Appliances,SUP0042,1964.86,2277.33,17.34,73,DISCONTINUED
PROD00155,Cream 0155,Beauty,SUP0024,1047.88,1269.11,91.8,109,DISCONTINUED
PROD00156,Cereal 0156,Groceries,SUP0022,109.47,168.76,6.68,34,DISCONTINUED
PROD00157,Boots 0157,Footwear,SUP0039,1448.85,2259.62,87.34,95,ACTIVE
PROD00158,Textbook 0158,Books,SUP0042,1833.91,2415.56,69.88,110,ACTIVE
PROD00159,Novel 0159,Books,SUP0022,622.62,849.05,81.34,181,ACTIVE
PROD00160,Dumbbell 0160,Sports,SUP0012,726.85,984.02,95.12,97,DISCONTINUED
PROD00161,Jeans 0161,Clothing,SUP0019,1999.95,2416.86,84.46,35,ACTIVE
PROD00162,Cereal 0162,Groceries,SUP0011,266.44,363.35,18.17,187,ACTIVE
PROD00163,Shampoo 0163,Beauty,SUP0016,824.66,1297.56,96.96,166,ACTIVE
PROD00164,Perfume 0164,Beauty,SUP0031,1070.35,1409.25,90.41,59,ACTIVE
PROD00165,Magazine 0165,Books,SUP0025,926.05,1201.31,50.34,117,ACTIVE
PROD00166,Sweater 0166,Clothing,SUP0042,281.11,358.42,48.11,105,ACTIVE
PROD00167,Brake Pad 0167,Automotive,SUP0018,573.7,937.53,44.99,141,ACTIVE
PROD00168,Cricket Bat 0168,Sports,SUP0029,1893.09,2376.64,88.47,16,DISCONTINUED
PROD00169,Tablet 0169,Electronics,SUP0006,1006.5,1273.27,37.55,17,ACTIVE
PROD00170,Mixer 0170,Home Appliances,SUP0019,1583.8,1894.73,91.75,130,ACTIVE
PROD00171,Lotion 0171,Beauty,SUP0002,1232.62,2137.49,25.67,48,DISCONTINUED
PROD00172,Mixer 0172,Home Appliances,SUP0016,479.09,567.86,42.04,169,DISCONTINUED
PROD00173,Refrigerator 0173,Home Appliances,SUP0035,1674.19,2427.38,1.74,141,ACTIVE
PROD00174,Desk 0174,Furniture,SUP0016,861.33,1318.15,57.11,57,ACTIVE
PROD00175,Battery 0175,Automotive,SUP0033,140.02,205.58,78.66,139,ACTIVE
PROD00176,Cycle 0176,Sports,SUP0024,91.85,125.91,25.44,14,ACTIVE
PROD00177,Mixer 0177,Home Appliances,SUP0007,486.05,758.22,77.17,198,ACTIVE
PROD00178,Chair 0178,Furniture,SUP0042,707.84,946.37,17.59,185,DISCONTINUED
PROD00179,Perfume 0179,Beauty,SUP0050,1623.94,1858.06,94.37,19,ACTIVE
PROD00180,Shirt 0180,Clothing,SUP0021,1583.26,2723.29,93.34,141,DISCONTINUED
PROD00181,Filter 0181,Automotive,SUP0013,510.36,830.51,28.68,22,ACTIVE
PROD00182,Shoes 0182,Footwear,SUP0026,1599.69,2248.95,74.36,108,ACTIVE
PROD00183,Sofa 0183,Furniture,SUP0034,1385.68,1880.57,26.75,31,DISCONTINUED
PROD00184,Vacuum 0184,Home Appliances,SUP0035,1206.89,2022.31,29.45,36,ACTIVE
PROD00185,Sugar 0185,Groceries,SUP0028,616.46,938.15,16.75,123,ACTIVE
PROD00186,Shampoo 0186,Beauty,SUP0040,1454.99,2528.95,99.82,80,ACTIVE
PROD00187,Vacuum 0187,Home Appliances,SUP0044,729.81,1212.04,16.08,17,ACTIVE
PROD00188,Magazine 0188,Books,SUP0050,74.42,85.36,64.55,102,DISCONTINUED
PROD00189,Novel 0189,Books,SUP0024,1212.16,1909.57,37.26,29,ACTIVE
PROD00190,Battery 0190,Automotive,SUP0016,799.08,1242.32,96.06,16,ACTIVE
PROD00191,Cream 0191,Beauty,SUP0017,777.04,1160.25,77.52,190,DISCONTINUED
PROD00192,Sweater 0192,Clothing,SUP0032,574.73,1000.91,20.1,44,ACTIVE
PROD00193,Perfume 0193,Beauty,SUP0006,1797.86,2537.82,81.07,91,ACTIVE
PROD00194,Oven 0194,Home Appliances,SUP0011,1086.63,1873.28,71.21,189,ACTIVE
PROD00195,Cereal 0195,Groceries,SUP0009,452.36,809.54,23.75,136,ACTIVE
PROD00196,Cereal 0196,Groceries,SUP0036,1146.69,1636.54,13.06,32,ACTIVE
PROD00197,Sandals 0197,Footwear,SUP0034,1999.19,3205.12,41.14,114,ACTIVE
PROD00198,Desk 0198,Furniture,SUP0044,1286.47,1820.33,51.78,42,ACTIVE
PROD00199,Sofa 0199,Furniture,SUP0008,1008.21,1721.77,51.86,87,ACTIVE
PROD00200,Desk 0200,Furniture,SUP0034,1869.8,2351.89,89.5,30,ACTIVE
PROD00201,Sweater 0201,Clothing,SUP0040,552.53,849.52,53.39,138,ACTIVE
PROD00202,Dictionary 0202,Books,SUP0047,312.62,488.04,90.21,96,ACTIVE
PROD00203,Laptop 0203,Electronics,SUP0037,95.7,148.24,26.54,63,DISCONTINUED
PROD00204,Novel 0204,Books,SUP0019,998.59,1536.84,64.23,87,DISCONTINUED
PROD00205,T-Shirt 0205,Clothing,SUP0004,598.38,688.78,15.89,116,DISCONTINUED
PROD00206,Perfume 0206,Beauty,SUP0046,683.68,820.8,32.0,98,DISCONTINUED
PROD00207,Desk 0207,Furniture,SUP0016,1032.39,1212.37,46.7,78,DISCONTINUED
PROD00208,Jeans 0208,Clothing,SUP0025,198.14,258.21,86.43,117,ACTIVE
PROD00209,Desk 0209,Furniture,SUP0013,1867.83,2997.47,76.34,137,DISCONTINUED
PROD00210,Face Wash 0210,Beauty,SUP0026,997.25,1159.84,50.59,71,ACTIVE
PROD00211,Notebook 0211,Books,SUP0039,102.07,132.38,88.25,177,DISCONTINUED
PROD00212,Slippers 0212,Footwear,SUP0009,21.31,25.04,88.26,196,ACTIVE
PROD00213,Tennis Racket 0213,Sports,SUP0036,95.26,108.2,19.55,151,ACTIVE
PROD00214,Vacuum 0214,Home Appliances,SUP0018,1010.99,1653.05,82.55,169,ACTIVE
PROD00215,Chair 0215,Furniture,SUP0022,790.84,1309.97,55.83,103,ACTIVE
PROD00216,Sweater 0216,Clothing,SUP0003,1020.7,1480.07,3.99,192,ACTIVE
PROD00217,Cream 0217,Beauty,SUP0033,916.69,1397.39,14.06,166,ACTIVE
PROD00218,Sofa 0218,Furniture,SUP0020,1981.28,3204.77,59.41,139,DISCONTINUED
PROD00219,Notebook 0219,Books,SUP0022,952.41,1058.74,67.41,116,ACTIVE
PROD00220,Headphones 0220,Electronics,SUP0050,951.81,1691.32,57.89,68,ACTIVE
PROD00221,Magazine 0221,Books,SUP0040,345.17,531.67,77.48,107,ACTIVE
PROD00222,Shirt 0222,Clothing,SUP0013,1147.28,1824.59,1.99,90,DISCONTINUED
PROD00223,Sofa 0223,Furniture,SUP0050,1382.55,1917.96,61.19,130,ACTIVE
PROD00224,Bed 0224,Furniture,SUP0043,418.65,555.77,47.89,106,ACTIVE
PROD00225,Sofa 0225,Furniture,SUP0023,1824.69,2444.41,67.62,194,ACTIVE
PROD00226,Magazine 0226,Books,SUP0036,388.57,494.48,29.92,86,ACTIVE
PROD00227,T-Shirt 0227,Clothing,SUP0047,637.5,856.9,27.42,41,DISCONTINUED
PROD00228,Tennis Racket 0228,Sports,SUP0019,1909.44,3175.84,4.3,192,ACTIVE
PROD00229,Flour 0229,Groceries,SUP0014,1313.66,2132.25,20.29,147,ACTIVE
PROD00230,Battery 0230,Automotive,SUP0038,278.86,426.93,24.0,22,ACTIVE
PROD00231,Shirt 0231,Clothing,SUP0031,204.89,272.75,10.14,45,ACTIVE
PROD00232,Engine Oil 0232,Automotive,SUP0031,816.78,1433.06,47.8,61,ACTIVE
PROD00233,Sugar 0233,Groceries,SUP0006,1293.57,2245.06,65.26,69,ACTIVE
PROD00234,Sofa 0234,Furniture,SUP0003,1765.08,2158.78,99.72,111,DISCONTINUED
PROD00235,Desk 0235,Furniture,SUP0037,1754.1,1940.89,60.32,95,ACTIVE
PROD00236,Cream 0236,Beauty,SUP0009,1051.02,1810.36,85.12,129,ACTIVE
PROD00237,Shirt 0237,Clothing,SUP0042,664.71,1071.37,25.8,57,ACTIVE
PROD00238,Sugar 0238,Groceries,SUP0012,1137.72,1854.6,61.13,173,DISCONTINUED
PROD00239,Dumbbell 0239,Sports,SUP0007,659.21,910.09,18.56,45,DISCONTINUED
PROD00240,Oil 0240,Groceries,SUP0029,18.63,25.5,75.4,94,ACTIVE
PROD00241,Dictionary 0241,Books,SUP0045,27.81,43.32,23.71,180,ACTIVE
PROD00242,Face Wash 0242,Beauty,SUP0046,323.64,511.43,77.01,186,ACTIVE
PROD00243,Boots 0243,Footwear,SUP0009,1231.18,1543.15,47.87,126,ACTIVE
PROD00244,Dumbbell 0244,Sports,SUP0043,1826.03,2976.69,82.58,73,ACTIVE
PROD00245,Filter 0245,Automotive,SUP0037,1058.71,1432.7,11.31,150,ACTIVE
PROD00246,Dictionary 0246,Books,SUP0034,303.96,404.17,44.24,184,ACTIVE
PROD00247,Magazine 0247,Books,SUP0004,186.43,271.68,45.4,141,DISCONTINUED
PROD00248,Cream 0248,Beauty,SUP0020,120.18,171.1,72.36,111,ACTIVE
PROD00249,Smartphone 0249,Electronics,SUP0023,1158.73,1311.34,70.07,148,ACTIVE
PROD00250,Vacuum 0250,Home Appliances,SUP0050,68.31,94.69,13.63,174,DISCONTINUED
PROD00251,Flour 0251,Groceries,SUP0025,899.83,1567.49,37.63,184,ACTIVE
PROD00252,Rice 0252,Groceries,SUP0034,361.05,532.94,12.82,67,ACTIVE
PROD00253,Monitor 0253,Electronics,SUP0028,928.69,1489.03,53.24,68,ACTIVE
PROD00254,Face Wash 0254,Beauty,SUP0047,314.47,387.41,76.57,18,DISCONTINUED
PROD00255,Novel 0255,Books,SUP0039,485.13,556.49,3.45,163,ACTIVE
PROD00256,Shirt 0256,Clothing,SUP0014,807.52,1020.74,75.46,24,ACTIVE
PROD00257,Battery 0257,Automotive,SUP0037,472.15,822.24,31.96,163,ACTIVE
PROD00258,Jacket 0258,Clothing,SUP0034,1753.14,3138.1,22.18,86,ACTIVE
PROD00259,Headphones 0259,Electronics,SUP0012,1897.3,3255.39,62.64,119,DISCONTINUED
PROD00260,Monitor 0260,Electronics,SUP0034,1883.46,2956.92,31.94,116,DISCONTINUED
PROD00261,Desk 0261,Furniture,SUP0031,756.04,1230.9,24.17,67,ACTIVE
PROD00262,Sofa 0262,Furniture,SUP0027,1829.91,2733.28,55.77,44,DISCONTINUED
PROD00263,Jacket 0263,Clothing,SUP0029,410.66,637.63,84.73,33,ACTIVE
PROD00264,Monitor 0264,Electronics,SUP0003,757.45,1153.96,87.37,58,ACTIVE
PROD00265,Perfume 0265,Beauty,SUP0001,1739.6,2319.02,21.26,58,ACTIVE
PROD00266,Perfume 0266,Beauty,SUP0026,1392.77,2218.18,91.52,151,ACTIVE
PROD00267,Sandals 0267,Footwear,SUP0020,935.17,1453.35,26.23,141,DISCONTINUED
PROD00268,Shampoo 0268,Beauty,SUP0049,1606.62,2579.73,83.99,62,ACTIVE
PROD00269,Flour 0269,Groceries,SUP0048,96.2,164.01,14.68,76,DISCONTINUED
PROD00270,Sneakers 0270,Footwear,SUP0037,396.4,499.87,83.35,137,ACTIVE
PROD00271,Sandals 0271,Footwear,SUP0032,1933.18,2994.86,46.14,197,ACTIVE
PROD00272,Table 0272,Furniture,SUP0035,1442.03,2079.15,99.03,25,ACTIVE
PROD00273,Refrigerator 0273,Home Appliances,SUP0041,1529.86,2124.48,23.22,191,ACTIVE
PROD00274,Smartphone 0274,Electronics,SUP0040,1013.94,1380.22,63.81,167,DISCONTINUED
PROD00275,Shampoo 0275,Beauty,SUP0001,18.19,27.03,1.77,194,ACTIVE
PROD00276,Battery 0276,Automotive,SUP0044,39.2,65.43,43.11,55,ACTIVE
PROD00277,Oven 0277,Home Appliances,SUP0034,302.05,372.84,25.32,100,ACTIVE
PROD00278,Cricket Bat 0278,Sports,SUP0037,749.24,1037.11,24.4,188,ACTIVE
PROD00279,Shoes 0279,Footwear,SUP0049,1309.2,2226.63,3.27,113,DISCONTINUED
PROD00280,Dumbbell 0280,Sports,SUP0045,954.63,1475.59,17.22,137,DISCONTINUED
PROD00281,Cereal 0281,Groceries,SUP0034,1954.77,3482.79,91.92,68,ACTIVE
PROD00282,Magazine 0282,Books,SUP0044,545.83,953.52,92.57,149,ACTIVE
PROD00283,Desk 0283,Furniture,SUP0010,36.24,45.12,75.25,192,DISCONTINUED
PROD00284,Mixer 0284,Home Appliances,SUP0025,329.09,417.39,67.74,148,ACTIVE
PROD00285,Football 0285,Sports,SUP0006,1582.04,2503.61,50.13,98,ACTIVE
PROD00286,Vacuum 0286,Home Appliances,SUP0039,468.13,539.85,76.92,162,DISCONTINUED
PROD00287,Rice 0287,Groceries,SUP0029,1270.08,2093.71,49.11,101,DISCONTINUED
PROD00288,Football 0288,Sports,SUP0006,1360.99,2126.51,77.24,85,ACTIVE
PROD00289,Refrigerator 0289,Home Appliances,SUP0041,539.6,737.09,15.51,109,ACTIVE
PROD00290,Rice 0290,Groceries,SUP0029,187.58,330.15,36.06,79,ACTIVE
PROD00291,Chair 0291,Furniture,SUP0036,378.85,535.77,51.29,36,ACTIVE
PROD00292,Mixer 0292,Home Appliances,SUP0021,1110.67,1685.83,86.39,13,ACTIVE
PROD00293,Cycle 0293,Sports,SUP0036,1559.44,2506.63,90.53,72,ACTIVE
PROD00294,Football 0294,Sports,SUP0032,281.99,369.63,14.68,52,DISCONTINUED
PROD00295,Sandals 0295,Footwear,SUP0024,603.01,993.68,25.24,73,DISCONTINUED
PROD00296,Dictionary 0296,Books,SUP0020,395.12,464.22,0.78,111,ACTIVE
PROD00297,Magazine 0297,Books,SUP0022,1609.13,2141.24,43.12,176,ACTIVE
PROD00298,Boots 0298,Footwear,SUP0031,1208.41,1917.39,31.49,111,ACTIVE
PROD00299,Sandals 0299,Footwear,SUP0021,1935.69,3188.82,37.67,110,ACTIVE
PROD00300,Oven 0300,Home Appliances,SUP0012,403.6,725.71,68.2,150,ACTIVE
PROD00301,Perfume 0301,Beauty,SUP0045,879.72,1147.09,7.01,114,DISCONTINUED
PROD00302,Desk 0302,Furniture,SUP0046,487.83,761.53,42.37,106,ACTIVE
PROD00303,Cream 0303,Beauty,SUP0033,961.07,1326.82,92.36,187,DISCONTINUED
PROD00304,Brake Pad 0304,Automotive,SUP0035,1582.49,2139.01,59.42,31,ACTIVE
PROD00305,Jacket 0305,Clothing,SUP0037,336.85,515.0,98.36,183,DISCONTINUED
PROD00306,Flour 0306,Groceries,SUP0015,216.36,252.93,51.12,142,ACTIVE
PROD00307,Face Wash 0307,Beauty,SUP0038,785.31,1288.41,69.07,48,ACTIVE
PROD00308,Tablet 0308,Electronics,SUP0006,213.58,297.13,11.7,196,ACTIVE
PROD00309,Sugar 0309,Groceries,SUP0034,689.42,1136.85,48.34,131,ACTIVE
PROD00310,Lotion 0310,Beauty,SUP0046,641.22,840.12,11.6,97,ACTIVE
PROD00311,Table 0311,Furniture,SUP0022,1034.41,1537.48,56.03,128,ACTIVE
PROD00312,Football 0312,Sports,SUP0026,376.84,587.91,3.02,167,ACTIVE
PROD00313,Cream 0313,Beauty,SUP0014,861.96,950.84,20.66,190,ACTIVE
PROD00314,Novel 0314,Books,SUP0024,1600.01,2361.33,32.67,127,ACTIVE
PROD00315,Sandals 0315,Footwear,SUP0039,1057.79,1636.8,38.93,110,ACTIVE
PROD00316,Sugar 0316,Groceries,SUP0044,1691.81,2592.11,70.63,86,ACTIVE
PROD00317,Desk 0317,Furniture,SUP0012,240.13,315.47,37.39,46,DISCONTINUED
PROD00318,Dumbbell 0318,Sports,SUP0012,280.05,383.28,48.72,147,ACTIVE
PROD00319,Engine Oil 0319,Automotive,SUP0021,981.84,1176.45,84.21,168,ACTIVE
PROD00320,Rice 0320,Groceries,SUP0025,971.79,1201.71,96.39,139,DISCONTINUED
PROD00321,Cycle 0321,Sports,SUP0032,834.18,1408.03,16.81,154,ACTIVE
PROD00322,Jacket 0322,Clothing,SUP0019,70.23,88.31,16.9,127,DISCONTINUED
PROD00323,Tyre 0323,Automotive,SUP0050,230.86,272.4,54.36,103,ACTIVE
PROD00324,Cream 0324,Beauty,SUP0048,440.99,616.33,83.02,73,ACTIVE
PROD00325,Tablet 0325,Electronics,SUP0006,529.32,901.72,43.96,40,ACTIVE
PROD00326,Sweater 0326,Clothing,SUP0040,1379.82,2349.47,63.31,52,ACTIVE
PROD00327,Jeans 0327,Clothing,SUP0035,1611.85,2416.25,28.18,147,ACTIVE
PROD00328,Sugar 0328,Groceries,SUP0033,582.22,749.4,98.55,183,ACTIVE
PROD00329,Sofa 0329,Furniture,SUP0042,1837.94,3298.63,12.78,43,ACTIVE
PROD00330,Desk 0330,Furniture,SUP0044,1657.82,2707.27,39.33,46,ACTIVE
PROD00331,Cycle 0331,Sports,SUP0050,906.72,1399.56,9.4,141,ACTIVE
PROD00332,Flour 0332,Groceries,SUP0001,1900.76,2526.3,86.9,197,ACTIVE
PROD00333,Face Wash 0333,Beauty,SUP0026,1700.96,2818.45,21.86,119,ACTIVE
PROD00334,Face Wash 0334,Beauty,SUP0036,649.12,842.89,57.84,154,DISCONTINUED
PROD00335,Rice 0335,Groceries,SUP0030,96.66,148.69,1.73,50,DISCONTINUED
PROD00336,Shampoo 0336,Beauty,SUP0045,1983.72,2776.14,90.95,176,ACTIVE
PROD00337,Desk 0337,Furniture,SUP0006,191.21,258.57,37.25,176,ACTIVE
PROD00338,Tablet 0338,Electronics,SUP0049,1253.08,2015.19,23.49,177,ACTIVE
PROD00339,Refrigerator 0339,Home Appliances,SUP0038,430.78,497.36,22.7,184,DISCONTINUED
PROD00340,Laptop 0340,Electronics,SUP0028,1392.72,2328.59,69.43,132,ACTIVE
PROD00341,T-Shirt 0341,Clothing,SUP0007,183.22,304.91,31.4,86,ACTIVE
PROD00342,Football 0342,Sports,SUP0005,1284.94,2022.49,53.1,12,ACTIVE
PROD00343,Face Wash 0343,Beauty,SUP0010,1446.25,2226.73,92.0,167,DISCONTINUED
PROD00344,Shirt 0344,Clothing,SUP0008,1793.7,2148.87,59.0,108,ACTIVE
PROD00345,Tennis Racket 0345,Sports,SUP0042,1583.2,2016.13,8.52,151,ACTIVE
PROD00346,Monitor 0346,Electronics,SUP0013,414.86,632.6,74.81,85,ACTIVE
PROD00347,T-Shirt 0347,Clothing,SUP0041,774.84,983.08,59.43,145,ACTIVE
PROD00348,Sugar 0348,Groceries,SUP0037,268.31,456.82,42.14,149,ACTIVE
PROD00349,Shampoo 0349,Beauty,SUP0017,38.3,43.94,21.65,25,DISCONTINUED
PROD00350,Battery 0350,Automotive,SUP0027,1259.0,1826.47,42.42,112,ACTIVE
PROD00351,Tyre 0351,Automotive,SUP0020,1234.01,1597.09,7.99,62,ACTIVE
PROD00352,Battery 0352,Automotive,SUP0042,784.51,1211.29,68.14,26,ACTIVE
PROD00353,Football 0353,Sports,SUP0028,120.52,139.85,11.69,166,ACTIVE
PROD00354,Sneakers 0354,Footwear,SUP0045,243.29,388.18,1.23,137,ACTIVE
PROD00355,Tyre 0355,Automotive,SUP0011,1567.06,2514.4,37.25,78,ACTIVE
PROD00356,Monitor 0356,Electronics,SUP0005,1615.18,2084.21,26.37,157,ACTIVE
PROD00357,Lotion 0357,Beauty,SUP0037,1024.01,1166.15,16.77,50,ACTIVE
PROD00358,Oven 0358,Home Appliances,SUP0048,1349.87,1593.84,50.93,21,ACTIVE
PROD00359,Shirt 0359,Clothing,SUP0010,946.17,1294.44,17.98,19,DISCONTINUED
PROD00360,Jacket 0360,Clothing,SUP0021,500.29,871.05,27.2,29,ACTIVE
PROD00361,Oven 0361,Home Appliances,SUP0015,1348.28,1532.82,80.45,21,DISCONTINUED
PROD00362,Vacuum 0362,Home Appliances,SUP0020,1732.73,2844.22,32.8,151,DISCONTINUED
PROD00363,Monitor 0363,Electronics,SUP0020,405.34,605.85,73.98,72,DISCONTINUED
PROD00364,Cereal 0364,Groceries,SUP0050,1943.86,3495.94,19.62,149,ACTIVE
PROD00365,Chair 0365,Furniture,SUP0035,1865.13,2082.86,34.71,187,ACTIVE
PROD00366,Rice 0366,Groceries,SUP0048,1519.06,2071.07,72.75,36,ACTIVE
PROD00367,Engine Oil 0367,Automotive,SUP0010,842.53,1493.66,71.19,33,ACTIVE
PROD00368,Sweater 0368,Clothing,SUP0030,829.05,1431.69,97.46,31,ACTIVE
PROD00369,Engine Oil 0369,Automotive,SUP0038,1276.25,1756.18,56.83,121,ACTIVE
PROD00370,Jacket 0370,Clothing,SUP0026,525.68,694.16,70.1,198,ACTIVE
PROD00371,Flour 0371,Groceries,SUP0013,547.55,630.93,13.7,159,ACTIVE
PROD00372,Chair 0372,Furniture,SUP0027,332.93,474.84,12.16,101,ACTIVE
PROD00373,Face Wash 0373,Beauty,SUP0006,929.38,1576.91,15.85,185,ACTIVE
PROD00374,Novel 0374,Books,SUP0010,433.97,737.58,9.21,73,ACTIVE
PROD00375,Dumbbell 0375,Sports,SUP0012,102.66,134.4,3.21,113,DISCONTINUED
PROD00376,Tyre 0376,Automotive,SUP0009,503.46,716.64,12.23,25,ACTIVE
PROD00377,Table 0377,Furniture,SUP0041,1648.23,2242.53,93.76,31,ACTIVE
PROD00378,Refrigerator 0378,Home Appliances,SUP0042,1994.34,2469.84,44.4,42,ACTIVE
PROD00379,Rice 0379,Groceries,SUP0011,90.18,128.3,92.42,120,DISCONTINUED
PROD00380,Shampoo 0380,Beauty,SUP0023,768.55,1074.94,21.55,57,ACTIVE
PROD00381,Sandals 0381,Footwear,SUP0040,1767.43,1987.04,61.74,175,ACTIVE
PROD00382,Lotion 0382,Beauty,SUP0006,1766.14,2534.98,28.05,45,DISCONTINUED
PROD00383,Sweater 0383,Clothing,SUP0035,502.05,901.61,79.51,107,ACTIVE
PROD00384,Cream 0384,Beauty,SUP0037,1563.96,2096.99,50.29,109,ACTIVE
PROD00385,Chair 0385,Furniture,SUP0050,641.16,803.57,28.17,130,ACTIVE
PROD00386,Textbook 0386,Books,SUP0043,1948.09,2279.45,24.19,146,ACTIVE
PROD00387,Sweater 0387,Clothing,SUP0023,1693.78,2808.58,93.53,54,ACTIVE
PROD00388,Sweater 0388,Clothing,SUP0023,639.42,1033.73,91.41,17,ACTIVE
PROD00389,Dictionary 0389,Books,SUP0032,288.49,508.86,54.26,54,DISCONTINUED
PROD00390,Laptop 0390,Electronics,SUP0002,117.06,178.07,52.69,10,ACTIVE
PROD00391,Textbook 0391,Books,SUP0012,1613.86,2160.2,91.89,92,ACTIVE
PROD00392,Smartphone 0392,Electronics,SUP0050,1175.29,2047.42,11.18,144,ACTIVE
PROD00393,Mixer 0393,Home Appliances,SUP0038,1410.55,2205.39,10.19,87,ACTIVE
PROD00394,Table 0394,Furniture,SUP0041,1466.04,2060.97,96.07,176,ACTIVE
PROD00395,Bed 0395,Furniture,SUP0023,1388.65,2430.4,22.4,160,ACTIVE
PROD00396,Tennis Racket 0396,Sports,SUP0012,1469.32,1919.17,72.91,189,DISCONTINUED
PROD00397,Novel 0397,Books,SUP0040,368.25,487.1,22.17,154,ACTIVE
PROD00398,Perfume 0398,Beauty,SUP0023,665.68,768.5,98.24,52,ACTIVE
PROD00399,Flour 0399,Groceries,SUP0045,27.73,34.57,6.87,75,ACTIVE
PROD00400,Laptop 0400,Electronics,SUP0011,774.94,1249.83,88.47,136,DISCONTINUED
PROD00401,Cereal 0401,Groceries,SUP0037,753.82,1266.54,65.13,185,ACTIVE
PROD00402,Sofa 0402,Furniture,SUP0019,152.05,257.27,2.11,76,ACTIVE
PROD00403,Mixer 0403,Home Appliances,SUP0047,344.36,469.3,7.59,33,ACTIVE
PROD00404,Dictionary 0404,Books,SUP0028,1786.99,2846.95,94.25,52,DISCONTINUED
PROD00405,Chair 0405,Furniture,SUP0013,207.01,257.5,40.99,151,ACTIVE
PROD00406,Boots 0406,Footwear,SUP0037,478.91,543.44,55.01,135,ACTIVE
PROD00407,Monitor 0407,Electronics,SUP0043,12.61,14.64,62.55,132,ACTIVE
PROD00408,Refrigerator 0408,Home Appliances,SUP0006,417.87,646.33,47.41,39,ACTIVE
PROD00409,Cycle 0409,Sports,SUP0006,980.75,1532.65,64.22,109,ACTIVE
PROD00410,Flour 0410,Groceries,SUP0017,741.96,1047.68,44.03,77,ACTIVE
PROD00411,Slippers 0411,Footwear,SUP0043,127.97,208.15,9.76,181,ACTIVE
PROD00412,Filter 0412,Automotive,SUP0036,1941.56,2937.21,6.19,109,DISCONTINUED
PROD00413,Filter 0413,Automotive,SUP0020,1147.57,1451.62,7.99,192,ACTIVE
PROD00414,Tyre 0414,Automotive,SUP0044,1801.41,2990.91,98.28,47,ACTIVE
PROD00415,Perfume 0415,Beauty,SUP0014,1898.38,2310.36,80.87,42,ACTIVE
PROD00416,Cricket Bat 0416,Sports,SUP0041,1976.62,2776.71,14.87,162,ACTIVE
PROD00417,Rice 0417,Groceries,SUP0036,178.62,266.05,32.68,80,DISCONTINUED
PROD00418,Headphones 0418,Electronics,SUP0008,1177.21,1939.08,41.5,47,ACTIVE
PROD00419,Oven 0419,Home Appliances,SUP0035,1560.19,2574.35,88.03,115,ACTIVE
PROD00420,Cycle 0420,Sports,SUP0012,1146.19,1640.35,27.61,46,DISCONTINUED
PROD00421,Tablet 0421,Electronics,SUP0016,1779.7,2370.64,5.02,131,ACTIVE
PROD00422,Rice 0422,Groceries,SUP0020,679.04,1124.19,28.11,135,ACTIVE
PROD00423,Jeans 0423,Clothing,SUP0050,604.46,979.59,82.6,78,DISCONTINUED
PROD00424,Novel 0424,Books,SUP0027,379.93,474.14,74.12,142,ACTIVE
PROD00425,Headphones 0425,Electronics,SUP0046,1584.02,1815.18,50.73,44,ACTIVE
PROD00426,Table 0426,Furniture,SUP0004,1750.99,2172.12,25.02,126,ACTIVE
PROD00427,Oil 0427,Groceries,SUP0033,551.59,924.72,39.75,41,ACTIVE
PROD00428,Jacket 0428,Clothing,SUP0031,980.13,1384.21,58.73,99,ACTIVE
PROD00429,Desk 0429,Furniture,SUP0019,1499.18,2372.0,2.84,22,ACTIVE
PROD00430,Textbook 0430,Books,SUP0044,1714.94,2663.59,20.75,176,DISCONTINUED
PROD00431,Brake Pad 0431,Automotive,SUP0044,1729.94,3074.1,0.99,43,ACTIVE
PROD00432,Novel 0432,Books,SUP0020,451.42,688.8,71.3,191,ACTIVE
PROD00433,Cycle 0433,Sports,SUP0014,1703.91,2421.76,46.72,183,DISCONTINUED
PROD00434,Novel 0434,Books,SUP0024,19.66,35.38,56.19,162,ACTIVE
PROD00435,Shoes 0435,Footwear,SUP0018,966.07,1290.09,64.1,80,ACTIVE
PROD00436,Sneakers 0436,Footwear,SUP0004,304.11,497.47,80.56,163,DISCONTINUED
PROD00437,Oil 0437,Groceries,SUP0019,1443.96,2250.82,26.02,117,DISCONTINUED
PROD00438,Cricket Bat 0438,Sports,SUP0013,1168.13,2098.34,34.38,192,ACTIVE
PROD00439,Filter 0439,Automotive,SUP0033,1813.52,2847.78,30.09,53,ACTIVE
PROD00440,Shoes 0440,Footwear,SUP0047,944.21,1528.34,80.85,56,ACTIVE
PROD00441,Microwave 0441,Home Appliances,SUP0020,713.79,1157.02,42.11,94,ACTIVE
PROD00442,Slippers 0442,Footwear,SUP0031,591.63,1003.32,5.46,172,ACTIVE
PROD00443,Perfume 0443,Beauty,SUP0025,1003.45,1713.14,53.03,115,ACTIVE
PROD00444,Table 0444,Furniture,SUP0037,1984.73,2659.28,89.3,127,ACTIVE
PROD00445,Oil 0445,Groceries,SUP0041,1558.99,2246.98,98.67,90,ACTIVE
PROD00446,Tablet 0446,Electronics,SUP0011,550.69,899.19,57.67,50,DISCONTINUED
PROD00447,Microwave 0447,Home Appliances,SUP0026,1230.89,1899.81,42.96,132,DISCONTINUED
PROD00448,Laptop 0448,Electronics,SUP0001,1069.9,1724.1,89.21,145,ACTIVE
PROD00449,Laptop 0449,Electronics,SUP0045,1255.24,1599.4,87.71,89,ACTIVE
PROD00450,Vacuum 0450,Home Appliances,SUP0005,1009.16,1326.32,82.4,86,ACTIVE
PROD00451,Cream 0451,Beauty,SUP0044,1194.76,1596.78,99.55,97,DISCONTINUED
PROD00452,Oil 0452,Groceries,SUP0026,333.94,579.33,2.01,67,ACTIVE
PROD00453,Shirt 0453,Clothing,SUP0024,1181.44,1439.34,71.14,19,DISCONTINUED
PROD00454,Slippers 0454,Footwear,SUP0004,1248.15,1891.88,66.23,177,ACTIVE
PROD00455,Laptop 0455,Electronics,SUP0036,836.47,1142.77,25.35,189,ACTIVE
PROD00456,Shirt 0456,Clothing,SUP0043,605.73,946.86,52.08,169,ACTIVE
PROD00457,Cricket Bat 0457,Sports,SUP0019,1025.61,1571.63,11.49,37,DISCONTINUED
PROD00458,Sweater 0458,Clothing,SUP0034,403.5,518.13,97.31,101,DISCONTINUED
PROD00459,Sneakers 0459,Footwear,SUP0014,83.61,121.02,68.85,133,ACTIVE
PROD00460,Shirt 0460,Clothing,SUP0008,30.44,35.38,83.54,181,DISCONTINUED
PROD00461,Chair 0461,Furniture,SUP0047,1560.15,1798.13,10.22,75,ACTIVE
PROD00462,Face Wash 0462,Beauty,SUP0012,531.93,603.77,87.43,84,ACTIVE
PROD00463,Flour 0463,Groceries,SUP0049,1478.39,1724.54,89.04,12,ACTIVE
PROD00464,Desk 0464,Furniture,SUP0040,718.27,1010.18,26.9,197,ACTIVE
PROD00465,Sugar 0465,Groceries,SUP0030,369.82,510.55,27.26,108,DISCONTINUED
PROD00466,Football 0466,Sports,SUP0004,230.55,365.96,98.16,50,ACTIVE
PROD00467,Dumbbell 0467,Sports,SUP0029,967.94,1450.23,18.21,107,ACTIVE
PROD00468,Novel 0468,Books,SUP0047,1725.84,2961.48,97.35,43,DISCONTINUED
PROD00469,Shampoo 0469,Beauty,SUP0005,1775.75,2501.11,26.24,90,ACTIVE
PROD00470,Tyre 0470,Automotive,SUP0043,1448.93,1821.0,87.33,142,ACTIVE
PROD00471,Football 0471,Sports,SUP0042,966.45,1512.11,38.55,152,ACTIVE
PROD00472,Smartphone 0472,Electronics,SUP0032,1013.61,1447.94,86.95,29,DISCONTINUED
PROD00473,Oil 0473,Groceries,SUP0033,665.14,861.16,22.35,174,DISCONTINUED
PROD00474,Football 0474,Sports,SUP0037,162.27,228.95,44.87,137,DISCONTINUED
PROD00475,Rice 0475,Groceries,SUP0002,1961.44,3180.8,10.35,115,ACTIVE
PROD00476,Tyre 0476,Automotive,SUP0039,5.34,6.21,96.32,173,ACTIVE
PROD00477,Tyre 0477,Automotive,SUP0022,417.67,655.76,36.4,23,ACTIVE
PROD00478,Face Wash 0478,Beauty,SUP0031,1122.5,1721.72,71.69,103,DISCONTINUED
PROD00479,Refrigerator 0479,Home Appliances,SUP0022,1519.84,1907.74,35.58,172,ACTIVE
PROD00480,Tyre 0480,Automotive,SUP0011,750.91,881.89,49.29,193,DISCONTINUED
PROD00481,Mixer 0481,Home Appliances,SUP0026,1223.65,1506.66,21.64,58,ACTIVE
PROD00482,Vacuum 0482,Home Appliances,SUP0044,97.77,150.89,58.92,125,DISCONTINUED
PROD00483,Dictionary 0483,Books,SUP0034,273.6,396.5,73.65,151,DISCONTINUED
PROD00484,Magazine 0484,Books,SUP0012,1849.12,3045.05,69.21,54,ACTIVE
PROD00485,Vacuum 0485,Home Appliances,SUP0021,1316.76,2007.15,50.46,108,DISCONTINUED
PROD00486,Textbook 0486,Books,SUP0019,550.82,977.44,45.34,44,ACTIVE
PROD00487,Dumbbell 0487,Sports,SUP0020,1401.53,2275.94,84.32,150,ACTIVE
PROD00488,Engine Oil 0488,Automotive,SUP0019,405.77,623.63,68.69,182,ACTIVE
PROD00489,Bed 0489,Furniture,SUP0046,1087.27,1680.72,11.63,100,DISCONTINUED
PROD00490,Dictionary 0490,Books,SUP0044,1885.63,3011.51,74.81,146,ACTIVE
PROD00491,Cricket Bat 0491,Sports,SUP0010,1047.85,1171.17,5.4,24,ACTIVE
PROD00492,Sneakers 0492,Footwear,SUP0010,1967.15,3104.9,83.95,186,ACTIVE
PROD00493,Sweater 0493,Clothing,SUP0007,69.45,115.97,61.65,182,ACTIVE
PROD00494,Filter 0494,Automotive,SUP0045,479.0,789.88,28.84,180,ACTIVE
PROD00495,Cycle 0495,Sports,SUP0044,836.05,1380.89,31.33,151,ACTIVE
PROD00496,Monitor 0496,Electronics,SUP0029,410.16,700.63,83.02,172,ACTIVE
PROD00497,Dictionary 0497,Books,SUP0047,1478.21,1829.33,96.43,85,DISCONTINUED
PROD00498,Chair 0498,Furniture,SUP0033,378.02,461.81,12.02,20,DISCONTINUED
PROD00499,Slippers 0499,Footwear,SUP0017,532.16,645.32,0.66,129,ACTIVE
PROD00500,Smartphone 0500,Electronics,SUP0050,1857.61,2819.51,93.24,167,ACTIVE
